ingredient_id,name
702,".5 oz. chocolate"
2150,".5 oz. chocolate"
3598,".5 oz. chocolate"
1438,"& bell pepper"
2886,"& bell pepper"
4334,"& bell pepper"
522,"½ cumin"
1970,"½ cumin"
3418,"½ cumin"
520,"½ oregano"
1968,"½ oregano"
3416,"½ oregano"
518,"½ pepper"
1966,"½ pepper"
3414,"½ pepper"
533,"½ salt"
1981,"½ salt"
3429,"½ salt"
524,"¼ lime juice"
1972,"¼ lime juice"
3420,"¼ lime juice"
526,"¼ olive oil"
1974,"¼ olive oil"
3422,"¼ olive oil"
1396,"¾ pearl barley"
2844,"¾ pearl barley"
4292,"¾ pearl barley"
397,"a cauliflower"
1845,"a cauliflower"
3293,"a cauliflower"
921,"a couple of pepper flakes"
2369,"a couple of pepper flakes"
3817,"a couple of pepper flakes"
980,"a little olive oil to brush the potatoes"
2428,"a little olive oil to brush the potatoes"
3876,"a little olive oil to brush the potatoes"
774,"a package of spinach"
2222,"a package of spinach"
3670,"a package of spinach"
835,"a semi-smoked sausage"
2283,"a semi-smoked sausage"
3731,"a semi-smoked sausage"
604,"a squirt sriracha"
2052,"a squirt sriracha"
3500,"a squirt sriracha"
674,"acorn squash"
2122,"acorn squash"
3570,"acorn squash"
1344,"acorn squashes"
2792,"acorn squashes"
4240,"acorn squashes"
1393,"active yeast"
2841,"active yeast"
4289,"active yeast"
811,"add pepper"
2259,"add pepper"
3707,"add pepper"
572,"additional scallion tops"
2020,"additional scallion tops"
3468,"additional scallion tops"
266,"additional toppings: avocado"
1714,"additional toppings: avocado"
3162,"additional toppings: avocado"
1145,"agar agar flakes"
2593,"agar agar flakes"
4041,"agar agar flakes"
1158,"agar agar powder"
2606,"agar agar powder"
4054,"agar agar powder"
1134,"agar flakes"
2582,"agar flakes"
4030,"agar flakes"
1128,agar-agar
2576,agar-agar
4024,agar-agar
1140,"agar-agar powder"
2588,"agar-agar powder"
4036,"agar-agar powder"
34,agave
1482,agave
2930,agave
176,"agave nectar"
1624,"agave nectar"
3072,"agave nectar"
985,"agave syrup"
2433,"agave syrup"
3881,"agave syrup"
180,"alaskan salmon filets"
1628,"alaskan salmon filets"
3076,"alaskan salmon filets"
823,"alaskan salmon fillets"
2271,"alaskan salmon fillets"
3719,"alaskan salmon fillets"
1103,"alfalfa sprouts"
2551,"alfalfa sprouts"
3999,"alfalfa sprouts"
739,"all purpose flour"
2187,"all purpose flour"
3635,"all purpose flour"
1287,"all the tabasco sauce you handle"
2735,"all the tabasco sauce you handle"
4183,"all the tabasco sauce you handle"
676,allspice
2124,allspice
3572,allspice
754,"almond butter"
2202,"almond butter"
3650,"almond butter"
717,"almond flour"
2165,"almond flour"
3613,"almond flour"
46,"almond milk"
1494,"almond milk"
2942,"almond milk"
2,Almonds
1450,Almonds
2898,Almonds
1091,"alouette spinach & artichoke spread"
2539,"alouette spinach & artichoke spread"
3987,"alouette spinach & artichoke spread"
1233,"aluminum free baking powder"
2681,"aluminum free baking powder"
4129,"aluminum free baking powder"
1223,"aluminum free baking soda"
2671,"aluminum free baking soda"
4119,"aluminum free baking soda"
610,amaranth
2058,amaranth
3506,amaranth
1041,amaretto
2489,amaretto
3937,amaretto
798,"an avocado"
2246,"an avocado"
3694,"an avocado"
527,"anaheim peppers"
1975,"anaheim peppers"
3423,"anaheim peppers"
1063,"ancho chile powder"
2511,"ancho chile powder"
3959,"ancho chile powder"
1367,"ancho chili powder"
2815,"ancho chili powder"
4263,"ancho chili powder"
932,anchovies
2380,anchovies
3828,anchovies
1296,andouille
2744,andouille
4192,andouille
1294,"andouille sausage"
2742,"andouille sausage"
4190,"andouille sausage"
955,"angel hair pasta"
2403,"angel hair pasta"
3851,"angel hair pasta"
1165,"another japanese noodle"
2613,"another japanese noodle"
4061,"another japanese noodle"
469,"another slug of blood orange olive oil"
1917,"another slug of blood orange olive oil"
3365,"another slug of blood orange olive oil"
1250,"ap flour"
2698,"ap flour"
4146,"ap flour"
1352,"ap flour/maida"
2800,"ap flour/maida"
4248,"ap flour/maida"
51,apple
1499,apple
2947,apple
841,"apple cider"
2289,"apple cider"
3737,"apple cider"
496,"apple cider vinegar"
1944,"apple cider vinegar"
3392,"apple cider vinegar"
903,"apple vinegar"
2351,"apple vinegar"
3799,"apple vinegar"
145,applesauce
1593,applesauce
3041,applesauce
447,apricots
1895,apricots
3343,apricots
452,"apricots soaked in"
1900,"apricots soaked in"
3348,"apricots soaked in"
75,"arënkha msc"
1523,"arënkha msc"
2971,"arënkha msc"
489,"arënkha msc caviar substitute"
1937,"arënkha msc caviar substitute"
3385,"arënkha msc caviar substitute"
1172,"around 10 sized eating apples"
2620,"around 10 sized eating apples"
4068,"around 10 sized eating apples"
1329,"arrowroot powder"
2777,"arrowroot powder"
4225,"arrowroot powder"
1382,"arrowroot starch"
2830,"arrowroot starch"
4278,"arrowroot starch"
563,artichoke
2011,artichoke
3459,artichoke
780,"artichoke hearts"
2228,"artichoke hearts"
3676,"artichoke hearts"
760,"artificial sweetener"
2208,"artificial sweetener"
3656,"artificial sweetener"
828,arugula
2276,arugula
3724,arugula
603,asafetida
2051,asafetida
3499,asafetida
667,asafoetida
2115,asafoetida
3563,asafoetida
84,"asiago cheese"
1532,"asiago cheese"
2980,"asiago cheese"
1415,"asian chili garlic paste"
2863,"asian chili garlic paste"
4311,"asian chili garlic paste"
1175,"asian rice noodles"
2623,"asian rice noodles"
4071,"asian rice noodles"
1419,"asian soba wheat"
2867,"asian soba wheat"
4315,"asian soba wheat"
94,asparagus
1542,asparagus
2990,asparagus
1007,"asparagus spears"
2455,"asparagus spears"
3903,"asparagus spears"
635,aubergine
2083,aubergine
3531,aubergine
282,avocado
1730,avocado
3178,avocado
525,"avocado oil"
1973,"avocado oil"
3421,"avocado oil"
358,avocados
1806,avocados
3254,avocados
487,"avocados into cubes"
1935,"avocados into cubes"
3383,"avocados into cubes"
188,"baby arugula"
1636,"baby arugula"
3084,"baby arugula"
666,"baby arugula leaves"
2114,"baby arugula leaves"
3562,"baby arugula leaves"
492,"baby beets"
1940,"baby beets"
3388,"baby beets"
347,"baby bella mushrooms"
1795,"baby bella mushrooms"
3243,"baby bella mushrooms"
1435,"baby bok choy"
2883,"baby bok choy"
4331,"baby bok choy"
421,"baby brussell sprouts"
1869,"baby brussell sprouts"
3317,"baby brussell sprouts"
1163,"baby carrot"
2611,"baby carrot"
4059,"baby carrot"
686,"baby carrots"
2134,"baby carrots"
3582,"baby carrots"
1094,"baby carrots 4 stalks celery 1 can mushrooms 1 piece pepper 1 cup flour and 3 tbsp 2 tablespoons bee"
2542,"baby carrots 4 stalks celery 1 can mushrooms 1 piece pepper 1 cup flour and 3 tbsp 2 tablespoons bee"
3990,"baby carrots 4 stalks celery 1 can mushrooms 1 piece pepper 1 cup flour and 3 tbsp 2 tablespoons bee"
875,"baby corns"
2323,"baby corns"
3771,"baby corns"
31,"baby kale"
1479,"baby kale"
2927,"baby kale"
224,"baby portabella mushrooms"
1672,"baby portabella mushrooms"
3120,"baby portabella mushrooms"
956,"baby portobella mushrooms"
2404,"baby portobella mushrooms"
3852,"baby portobella mushrooms"
517,"baby portobello mushrooms"
1965,"baby portobello mushrooms"
3413,"baby portobello mushrooms"
1351,"baby potatoes"
2799,"baby potatoes"
4247,"baby potatoes"
16,"baby spinach"
1464,"baby spinach"
2912,"baby spinach"
1289,"baby spinach leaves"
2737,"baby spinach leaves"
4185,"baby spinach leaves"
539,"baby/lolo lettuce"
1987,"baby/lolo lettuce"
3435,"baby/lolo lettuce"
340,bacon
1788,bacon
3236,bacon
1271,baguette
2719,baguette
4167,baguette
1012,"bailey's irish cream"
2460,"bailey's irish cream"
3908,"bailey's irish cream"
1002,"baked kabocha squash"
2450,"baked kabocha squash"
3898,"baked kabocha squash"
752,"bakers chocolate"
2200,"bakers chocolate"
3648,"bakers chocolate"
1047,"baking cocoa"
2495,"baking cocoa"
3943,"baking cocoa"
1086,"baking potatoes"
2534,"baking potatoes"
3982,"baking potatoes"
210,"baking powder"
1658,"baking powder"
3106,"baking powder"
165,"baking soda"
1613,"baking soda"
3061,"baking soda"
866,"balsamic vinaigrette"
2314,"balsamic vinaigrette"
3762,"balsamic vinaigrette"
280,"balsamic vinegar"
1728,"balsamic vinegar"
3176,"balsamic vinegar"
560,"balsamic vinegrette salad dressing"
2008,"balsamic vinegrette salad dressing"
3456,"balsamic vinegrette salad dressing"
1434,"bamboo skewers"
2882,"bamboo skewers"
4330,"bamboo skewers"
37,banana
1485,banana
2933,banana
962,"banana leaves"
2410,"banana leaves"
3858,"banana leaves"
19,bananas
1467,bananas
2915,bananas
506,"barbecue sauce"
1954,"barbecue sauce"
3402,"barbecue sauce"
499,"barbecue seasoning"
1947,"barbecue seasoning"
3395,"barbecue seasoning"
691,barley
2139,barley
3587,barley
1398,"barley flour"
2846,"barley flour"
4294,"barley flour"
52,basil
1500,basil
2948,basil
478,"basil - greek basil if you have it"
1926,"basil - greek basil if you have it"
3374,"basil - greek basil if you have it"
505,"basil leaves"
1953,"basil leaves"
3401,"basil leaves"
624,"basil tagliatelle"
2072,"basil tagliatelle"
3520,"basil tagliatelle"
609,"basil-infused olive oil"
2057,"basil-infused olive oil"
3505,"basil-infused olive oil"
946,"basil& oregano"
2394,"basil& oregano"
3842,"basil& oregano"
1350,"basmati rice soaked in water"
2798,"basmati rice soaked in water"
4246,"basmati rice soaked in water"
286,"bay leaf"
1734,"bay leaf"
3182,"bay leaf"
318,"bay leaves"
1766,"bay leaves"
3214,"bay leaves"
1168,"bean sprouts"
2616,"bean sprouts"
4064,"bean sprouts"
233,beans
1681,beans
3129,beans
1085,"beef bouillon"
2533,"beef bouillon"
3981,"beef bouillon"
873,"beef bouillon cubes"
2321,"beef bouillon cubes"
3769,"beef bouillon cubes"
258,"beef broth"
1706,"beef broth"
3154,"beef broth"
1113,"beef liver"
2561,"beef liver"
4009,"beef liver"
880,"beef short ribs"
2328,"beef short ribs"
3776,"beef short ribs"
1193,"beef stock"
2641,"beef stock"
4089,"beef stock"
364,"beef strip steaks"
1812,"beef strip steaks"
3260,"beef strip steaks"
1356,"beefsteak tomato"
2804,"beefsteak tomato"
4252,"beefsteak tomato"
386,beets
1834,beets
3282,beets
1437,"belacan/dried shrimp paste"
2885,"belacan/dried shrimp paste"
4333,"belacan/dried shrimp paste"
56,"bell pepper"
1504,"bell pepper"
2952,"bell pepper"
1070,"bell pepper flakes"
2518,"bell pepper flakes"
3966,"bell pepper flakes"
1112,"bell pepper/capsicum"
2560,"bell pepper/capsicum"
4008,"bell pepper/capsicum"
348,"bell peppered"
1796,"bell peppered"
3244,"bell peppered"
632,"bell peppers"
2080,"bell peppers"
3528,"bell peppers"
1375,berries
2823,berries
4271,berries
751,"bicarbonate of soda"
2199,"bicarbonate of soda"
3647,"bicarbonate of soda"
1399,"big of ginger"
2847,"big of ginger"
4295,"big of ginger"
1116,"big red/white onion"
2564,"big red/white onion"
4012,"big red/white onion"
1436,"big shitake mushrooms"
2884,"big shitake mushrooms"
4332,"big shitake mushrooms"
818,"bigoli pasta"
2266,"bigoli pasta"
3714,"bigoli pasta"
981,"bird's eye chilli pepper"
2429,"bird's eye chilli pepper"
3877,"bird's eye chilli pepper"
1313,"biryani paste- recipe below"
2761,"biryani paste- recipe below"
4209,"biryani paste- recipe below"
1045,"bittersweet chocolate"
2493,"bittersweet chocolate"
3941,"bittersweet chocolate"
1363,"bittersweet chocolate chips"
2811,"bittersweet chocolate chips"
4259,"bittersweet chocolate chips"
74,"black bean garlic sauce"
1522,"black bean garlic sauce"
2970,"black bean garlic sauce"
232,"black beans"
1680,"black beans"
3128,"black beans"
599,"black-eyed peas"
2047,"black-eyed peas"
3495,"black-eyed peas"
129,blackberries
1577,blackberries
3025,blackberries
1246,"blackberry bbq sauce"
2694,"blackberry bbq sauce"
4142,"blackberry bbq sauce"
1261,"blackberry preserves"
2709,"blackberry preserves"
4157,"blackberry preserves"
515,"blacks olives"
1963,"blacks olives"
3411,"blacks olives"
168,"blackstap molasses"
1616,"blackstap molasses"
3064,"blackstap molasses"
584,"blended onions"
2032,"blended onions"
3480,"blended onions"
585,"blended tomato"
2033,"blended tomato"
3481,"blended tomato"
1138,"block extra tofu"
2586,"block extra tofu"
4034,"block extra tofu"
606,"block lite tofu"
2054,"block lite tofu"
3502,"block lite tofu"
950,"block of tofu"
2398,"block of tofu"
3846,"block of tofu"
540,"blood orange cilantro vinaigrette"
1988,"blood orange cilantro vinaigrette"
3436,"blood orange cilantro vinaigrette"
126,blueberries
1574,blueberries
3022,blueberries
1268,"bok choi"
2716,"bok choi"
4164,"bok choi"
628,"bok choy"
2076,"bok choy"
3524,"bok choy"
376,"bone broth"
1824,"bone broth"
3272,"bone broth"
882,"boneless/skinless chicken breasts"
2330,"boneless/skinless chicken breasts"
3778,"boneless/skinless chicken breasts"
568,"boston lettuce"
2016,"boston lettuce"
3464,"boston lettuce"
615,"bowl rice"
2063,"bowl rice"
3511,"bowl rice"
1319,"bragg's liquid aminos"
2767,"bragg's liquid aminos"
4215,"bragg's liquid aminos"
605,"braggs liquid aminos"
2053,"braggs liquid aminos"
3501,"braggs liquid aminos"
1056,brandy
2504,brandy
3952,brandy
191,bread
1639,bread
3087,bread
182,"bread crumbs"
1630,"bread crumbs"
3078,"bread crumbs"
845,breadcrumbs
2293,breadcrumbs
3741,breadcrumbs
361,"brie cheese"
1809,"brie cheese"
3257,"brie cheese"
623,"brine solution"
2071,"brine solution"
3519,"brine solution"
49,broccoli
1497,broccoli
2945,broccoli
199,"broccoli florets"
1647,"broccoli florets"
3095,"broccoli florets"
896,"broccoli flowerets"
2344,"broccoli flowerets"
3792,"broccoli flowerets"
951,"broccoli rabe"
2399,"broccoli rabe"
3847,"broccoli rabe"
894,"broccoli spears"
2342,"broccoli spears"
3790,"broccoli spears"
241,broccolini
1689,broccolini
3137,broccolini
1081,"brown basmati rice"
2529,"brown basmati rice"
3977,"brown basmati rice"
1044,"brown eggs"
2492,"brown eggs"
3940,"brown eggs"
672,"brown lentils"
2120,"brown lentils"
3568,"brown lentils"
240,"brown rice"
1688,"brown rice"
3136,"brown rice"
174,"brown rice flour"
1622,"brown rice flour"
3070,"brown rice flour"
408,"brown sugar"
1856,"brown sugar"
3304,"brown sugar"
569,"brussels sprouts"
2017,"brussels sprouts"
3465,"brussels sprouts"
1235,"buffalo swee potato/pumpkin hash"
2683,"buffalo swee potato/pumpkin hash"
4131,"buffalo swee potato/pumpkin hash"
679,"buffalo wing sauce"
2127,"buffalo wing sauce"
3575,"buffalo wing sauce"
829,"bulb of onion"
2277,"bulb of onion"
3725,"bulb of onion"
392,bulgur
1840,bulgur
3288,bulgur
918,burrata
2366,burrata
3814,burrata
90,butter
1538,butter
2986,butter
740,"butter "
2188,"butter "
3636,"butter "
876,"butter beans"
2324,"butter beans"
3772,"butter beans"
784,"butterflies pork butt"
2232,"butterflies pork butt"
3680,"butterflies pork butt"
322,buttermilk
1770,buttermilk
3218,buttermilk
30,"butternut squash"
1478,"butternut squash"
2926,"butternut squash"
385,"button mushrooms"
1833,"button mushrooms"
3281,"button mushrooms"
409,cabbage
1857,cabbage
3305,cabbage
45,"cacao nibs"
1493,"cacao nibs"
2941,"cacao nibs"
813,"caesar dressing"
2261,"caesar dressing"
3709,"caesar dressing"
1136,"cake flour"
2584,"cake flour"
4032,"cake flour"
1171,"calrose rice"
2619,"calrose rice"
4067,"calrose rice"
843,"calvados brandy"
2291,"calvados brandy"
3739,"calvados brandy"
653,"candied pecans"
2101,"candied pecans"
3549,"candied pecans"
728,"candy making chocolate"
2176,"candy making chocolate"
3624,"candy making chocolate"
766,"cane sugar"
2214,"cane sugar"
3662,"cane sugar"
317,"canned tomatoes"
1765,"canned tomatoes"
3213,"canned tomatoes"
869,"cannellini beans"
2317,"cannellini beans"
3765,"cannellini beans"
95,"canola oil"
1543,"canola oil"
2991,"canola oil"
940,capers
2388,capers
3836,capers
671,"caraway seeds"
2119,"caraway seeds"
3567,"caraway seeds"
1326,cardamom
2774,cardamom
4222,cardamom
777,"cardamom pods"
2225,"cardamom pods"
3673,"cardamom pods"
213,"cardamom powder"
1661,"cardamom powder"
3109,"cardamom powder"
303,carrot
1751,carrot
3199,carrot
1427,"carrot julienne cut"
2875,"carrot julienne cut"
4323,"carrot julienne cut"
150,carrots
1598,carrots
3046,carrots
1317,cashew
2765,cashew
4213,cashew
952,"cashew nuts"
2400,"cashew nuts"
3848,"cashew nuts"
1346,"cashew nuts- a bit"
2794,"cashew nuts- a bit"
4242,"cashew nuts- a bit"
295,cashews
1743,cashews
3191,cashews
400,"cashews soaked overnight in water"
1848,"cashews soaked overnight in water"
3296,"cashews soaked overnight in water"
1108,cassava
2556,cassava
4004,cassava
698,"caster sugar"
2146,"caster sugar"
3594,"caster sugar"
420,cauliflower
1868,cauliflower
3316,cauliflower
922,"cauliflower florets"
2370,"cauliflower florets"
3818,"cauliflower florets"
935,cavatelli
2383,cavatelli
3831,cavatelli
187,caviar
1635,caviar
3083,caviar
549,cayenne
1997,cayenne
3445,cayenne
42,"cayenne pepper"
1490,"cayenne pepper"
2938,"cayenne pepper"
629,"cayenne powder"
2077,"cayenne powder"
3525,"cayenne powder"
211,celery
1659,celery
3107,celery
881,"celery salt"
2329,"celery salt"
3777,"celery salt"
243,"celery seed"
1691,"celery seed"
3139,"celery seed"
449,"celery stalk"
1897,"celery stalk"
3345,"celery stalk"
307,"celery stalks"
1755,"celery stalks"
3203,"celery stalks"
723,"celery sticks"
2171,"celery sticks"
3619,"celery sticks"
1359,"celery stock"
2807,"celery stock"
4255,"celery stock"
337,"center cut bacon"
1785,"center cut bacon"
3233,"center cut bacon"
105,cereal
1553,cereal
3001,cereal
973,"chaat masala"
2421,"chaat masala"
3869,"chaat masala"
976,"chaat masala powder"
2424,"chaat masala powder"
3872,"chaat masala powder"
681,"chana dal"
2129,"chana dal"
3577,"chana dal"
656,cheddar
2104,cheddar
3552,cheddar
44,"cheddar cheese"
1492,"cheddar cheese"
2940,"cheddar cheese"
92,cheese
1540,cheese
2988,cheese
143,cherries
1591,cherries
3039,cherries
85,"cherry tomatoes"
1533,"cherry tomatoes"
2981,"cherry tomatoes"
166,"chia seed"
1614,"chia seed"
3062,"chia seed"
5,"Chia Seeds"
1453,"Chia Seeds"
2901,"Chia Seeds"
906,"chianti red wine"
2354,"chianti red wine"
3802,"chianti red wine"
259,chicken
1707,chicken
3155,chicken
647,"chicken -the one here is 4.5lbs."
2095,"chicken -the one here is 4.5lbs."
3543,"chicken -the one here is 4.5lbs."
858,"chicken bone broth"
2306,"chicken bone broth"
3754,"chicken bone broth"
255,"chicken breast"
1703,"chicken breast"
3151,"chicken breast"
1424,"chicken breast thinly marinate"
2872,"chicken breast thinly marinate"
4320,"chicken breast thinly marinate"
582,"chicken breasts"
2030,"chicken breasts"
3478,"chicken breasts"
439,"chicken broth"
1887,"chicken broth"
3335,"chicken broth"
846,"chicken broth from"
2294,"chicken broth from"
3742,"chicken broth from"
1117,"chicken livers"
2565,"chicken livers"
4013,"chicken livers"
978,"chicken pieces"
2426,"chicken pieces"
3874,"chicken pieces"
1194,"chicken sausage"
2642,"chicken sausage"
4090,"chicken sausage"
305,"chicken stock"
1753,"chicken stock"
3201,"chicken stock"
260,"chicken stock and 2 cups of water"
1708,"chicken stock and 2 cups of water"
3156,"chicken stock and 2 cups of water"
1423,"chicken stock/broth"
2871,"chicken stock/broth"
4319,"chicken stock/broth"
1340,"chicken tenderloins"
2788,"chicken tenderloins"
4236,"chicken tenderloins"
1195,"chicken thighs"
2643,"chicken thighs"
4091,"chicken thighs"
664,"chickpea flour"
2112,"chickpea flour"
3560,"chickpea flour"
440,chickpeas
1888,chickpeas
3336,chickpeas
1366,chile
2814,chile
4262,chile
1332,"chile pepper"
2780,"chile pepper"
4228,"chile pepper"
371,"chile-garlic paste"
1819,"chile-garlic paste"
3267,"chile-garlic paste"
1364,chiles
2812,chiles
4260,chiles
402,chili
1850,chili
3298,chili
891,"chili beans"
2339,"chili beans"
3787,"chili beans"
631,"chili flakes"
2079,"chili flakes"
3527,"chili flakes"
662,"chili paste"
2110,"chili paste"
3558,"chili paste"
577,"chili pepper"
2025,"chili pepper"
3473,"chili pepper"
346,"chili pepper flakes"
1794,"chili pepper flakes"
3242,"chili pepper flakes"
1230,"chili peppers"
2678,"chili peppers"
4126,"chili peppers"
1282,"chili peppers in adobo sauce"
2730,"chili peppers in adobo sauce"
4178,"chili peppers in adobo sauce"
108,"chili powder"
1556,"chili powder"
3004,"chili powder"
796,"chili sauce"
2244,"chili sauce"
3692,"chili sauce"
1370,"chili seasoning"
2818,"chili seasoning"
4266,"chili seasoning"
491,chilies
1939,chilies
3387,chilies
885,chilis
2333,chilis
3781,chilis
131,chilli
1579,chilli
3027,chilli
103,"chilli flakes"
1551,"chilli flakes"
2999,"chilli flakes"
350,"chilli powder"
1798,"chilli powder"
3246,"chilli powder"
429,chillies
1877,chillies
3325,chillies
618,"chilly flakes"
2066,"chilly flakes"
3514,"chilly flakes"
622,"chilly paste / korean gochujang paste"
2070,"chilly paste / korean gochujang paste"
3518,"chilly paste / korean gochujang paste"
441,"chipotle chiles"
1889,"chipotle chiles"
3337,"chipotle chiles"
1216,"chipotle chiles adobo"
2664,"chipotle chiles adobo"
4112,"chipotle chiles adobo"
1365,"chipotle chiles in adobo sauce"
2813,"chipotle chiles in adobo sauce"
4261,"chipotle chiles in adobo sauce"
861,"chipotle peppers in adobo sauce"
2309,"chipotle peppers in adobo sauce"
3757,"chipotle peppers in adobo sauce"
1361,"chipotles in adobo"
2809,"chipotles in adobo"
4257,"chipotles in adobo"
18,chives
1466,chives
2914,chives
1101,"chives plus 1 tablespoon"
2549,"chives plus 1 tablespoon"
3997,"chives plus 1 tablespoon"
359,"chives to garnish"
1807,"chives to garnish"
3255,"chives to garnish"
785,"chobani yogurt"
2233,"chobani yogurt"
3681,"chobani yogurt"
716,chocolate
2164,chocolate
3612,chocolate
699,"chocolate )"
2147,"chocolate )"
3595,"chocolate )"
738,"chocolate bar"
2186,"chocolate bar"
3634,"chocolate bar"
709,"chocolate block"
2157,"chocolate block"
3605,"chocolate block"
724,"chocolate brownies"
2172,"chocolate brownies"
3620,"chocolate brownies"
1064,"chocolate chips"
2512,"chocolate chips"
3960,"chocolate chips"
1043,"chocolate flavor"
2491,"chocolate flavor"
3939,"chocolate flavor"
735,"chocolate liqueur"
2183,"chocolate liqueur"
3631,"chocolate liqueur"
1048,"chocolate protein powder"
2496,"chocolate protein powder"
3944,"chocolate protein powder"
842,chorizo
2290,chorizo
3738,chorizo
854,"chorizo into cubes"
2302,"chorizo into cubes"
3750,"chorizo into cubes"
273,"chorizo links"
1721,"chorizo links"
3169,"chorizo links"
1417,"chorizo sausage"
2865,"chorizo sausage"
4313,"chorizo sausage"
1402,"chuck roast"
2850,"chuck roast"
4298,"chuck roast"
1239,"chunky cut carrot"
2687,"chunky cut carrot"
4135,"chunky cut carrot"
867,"cider vinegar"
2315,"cider vinegar"
3763,"cider vinegar"
267,cilantro
