user_id,username,email,password
51,tammie.jackson,johnphelps@example.net,123
52,jared.lewis,kellyturner@example.net,123
53,george.collins,jessica46@example.net,123
54,sharon.case,raymond22@example.com,123
55,ashley.page,bsantana@example.net,123
56,matthew.gomez,ronald50@example.com,123
57,sarah.smith,freyes@example.net,123
58,kelly.goodman.dvm,bradley87@example.org,123
59,rebecca.foster,phall@example.org,123
60,jacqueline.marks,michael32@example.com,123
61,cynthia.flores,kimberly85@example.org,123
62,bridget.peterson,patrick80@example.net,123
63,mrs..elizabeth.perez,russobob@example.com,123
64,christopher.spencer,rmccoy@example.net,123
65,stacey.payne,ucunningham@example.com,123
66,timothy.walker,xcarpenter@example.org,123
67,anna.lopez,malvarez@example.org,123
68,patrick.ryan,donald35@example.org,123
69,jamie.murphy,lauraingram@example.net,123
70,elizabeth.oconnor,ucook@example.org,123
71,stephanie.young,lisa39@example.com,123
72,karen.cobb,davisrodney@example.org,123
73,latasha.beck.dds,qjohnson@example.com,123
74,erin.watkins,hjones@example.com,123
75,ashley.white,nsims@example.net,123
76,justin.watson,rodriguezjesse@example.com,123
77,gina.odonnell,clinesusan@example.com,123
78,mr..corey.russell,dblair@example.com,123
79,kelsey.curtis,donnaporter@example.com,123
80,james.solis,paul28@example.com,123
81,heather.valdez,stephenrogers@example.net,123
82,richard.clark,stephenle@example.org,123
83,dustin.hancock,christina95@example.com,123
84,aaron.gonzalez,fwalsh@example.org,123
85,kelly.rodriguez,zmitchell@example.net,123
86,shannon.white,shepardbradley@example.com,123
87,heather.mueller,dthomas@example.org,123
88,kaylee.lin,nicolekim@example.com,123
89,madison.torres,wrogers@example.com,123
90,casey.tran,sanchezmary@example.org,123
91,shawn.weaver,randallmorris@example.net,123
92,billy.watts,brandon94@example.com,123
93,elizabeth.scott,alexandertaylor@example.org,123
94,matthew.burnett,merritttyler@example.org,123
95,carlos.rivera,rfrederick@example.org,123
96,cody.schmidt,davisjoshua@example.net,123
97,brian.salas,joseph78@example.net,123
98,alan.kelly,holly31@example.com,123
99,ronald.santiago,qgonzalez@example.org,123
100,michael.soto,michellejones@example.com,123
102,arya,arya12,arya
103,aru,aru@12,1234
104,sid,sid@12,1234
105,om,om@123,om
106,umi,umi@12,123
107,ovi,ovi@123,ovi
108,smartha,smartha@12,123
109,wxy,wxy@123,wxy
110,pwpw,pwpw,pwpw
111,mimi,mimi@123,mimi
112,mire,mire@12,123
113,qwer,qwert,qwer
114,qwerty,qwerty,qwerty
115,omm,omm@1,om
116,shiv,shiv@12,123
117,shiva,shiva@123,shiva
118,maha,maha@12,123
119,thrimbakam,trimbakam,123
120,him,him,12
121,himalaya,him@123,1234
122,aryan,aryan@1,123
123,gauri,gauri@!2,1234
124,mir,mir@12,mir
125,hel,hel,hel
126,madhuram,mad,mad
127,shehsam,shesam,123
128,gopi,gopi@12,1234
129,krishna,krshna@12,radha
130,omnamha,omnahma,arya
131,arav,arav@123,wer
134,sharukh,sharauk,sharuk
135,vivek,vivek@123,1234
137,varun,varun@21,asdf
139,ranveer,ran@123,1234
140,nilesh,nilesh@12,123
141,dev,dev@123,123
142,nisha,nisha@123,qwe3
143,tia,tia@12,tia
144,aman,aman@123,12345
145,mira,miradevi@123,asdfg
146,pooja,56,45
147,katrina,katrina@123,kat123
148,jonny,jonny@123,1234
149,vedha,vedha@123,qwer@34
150,dhawan,eml@12,Arya@!2
151,bhaiya,bhaiya@122,1235
152,baat,baat@13,125
153,anushka,anushka@123,126
154,leeds,leeds@121,qws
155,natasha,natasha@123,nuts@1
156,baby,baby@13,Qwsd
157,viren,viren@123,ren
158,shivam,shivam@12,shivam12
159,asish,asish@123,123
160,naman,naman@123,LIM
161,mickey,mickey@12,234
162,vaidehi,vadehi@1,123
163,susan,suan@!2,wer
164,menu,menu@12,menu
166,"aruzhan bolvato",aruzhan@123,aru
167,"Siddharth Bhosale",sid@1234,Arya
168,ninad,ninad@12,134
169,"Arya Kotibhaskar",arya123@gmail.com,arya
170,"Om Kotibhaskar",omkotibhaskar@123,123456
